time,latitude,longitude,depth,mag,magType,nst,gap,dmin,rms,net,id,updated,place,type,horizontalError,depthError,magError,magNst,status,locationSource,magSource
2023-10-30T04:20:22.060Z,31.0791,-8.4399,10.0,4.2,mb,21.0,140.0,1.037,0.59,us,us7000l7h7,2024-01-10T06:01:14.040Z,"56 km WSW of Oukaïmedene, Morocco",earthquake,6.94,1.933,0.216,6.0,reviewed,us,us
2023-09-30T08:04:21.474Z,30.9522,-8.4088,10.0,4.0,mb,14.0,133.0,1.0,0.65,us,us6000lbw0,2023-12-09T22:00:42.040Z,"59 km WSW of Oukaïmedene, Morocco",earthquake,6.25,1.965,0.26,4.0,reviewed,us,us
2023-09-14T05:53:16.342Z,31.0181,-8.3703,8.722,4.6,mb,45.0,114.0,0.971,0.69,us,us7000kvnm,2025-09-03T03:44:14.009Z,"52 km WSW of Oukaïmedene, Morocco",earthquake,6.21,4.297,0.095,33.0,reviewed,us,us
2023-09-13T15:45:04.786Z,30.921,-8.4843,10.0,4.2,mb,8.0,186.0,2.538,0.8,us,us6000ldaf,2023-11-18T22:29:31.040Z,"62 km NE of Taroudant, Morocco",earthquake,9.61,1.983,0.235,5.0,reviewed,us,us
2023-09-12T00:25:38.290Z,31.022,-8.4543,10.0,4.0,ml,9.0,298.0,2.435,0.28,us,us7000kv7s,2023-11-18T22:29:33.040Z,"60 km WSW of Oukaïmedene, Morocco",earthquake,7.59,2.024,0.181,4.0,reviewed,us,us
2023-09-10T08:00:01.027Z,31.0743,-8.4473,9.003,4.2,mb,22.0,187.0,1.043,0.49,us,us7000kus7,2023-11-18T22:29:32.040Z,"57 km WSW of Oukaïmedene, Morocco",earthquake,4.61,6.03,0.176,9.0,reviewed,us,us
2023-09-08T22:30:44.243Z,31.0364,-8.3516,10.0,4.9,mb,75.0,72.0,0.957,0.61,us,us7000kufg,2023-11-17T19:47:51.040Z,"50 km WSW of Oukaïmedene, Morocco",earthquake,6.2,1.864,0.071,62.0,reviewed,us,us
2023-09-08T22:11:01.405Z,31.058,-8.3847,19.0,6.8,mww,380.0,22.0,0.988,0.67,us,us7000kufc,2026-02-11T20:56:22.743Z,"Al Haouz, Morocco",earthquake,3.62,3.098,0.032,95.0,reviewed,us,us
2023-04-04T21:06:08.713Z,35.0303,-3.9547,15.028,4.5,mb,17.0,122.0,2.258,0.42,us,us6000k3jd,2023-06-13T03:12:59.040Z,"13 km SW of Bni Bouayach, Morocco",earthquake,7.18,2.754,0.242,5.0,reviewed,us,us
2023-02-12T08:36:45.805Z,35.0177,-3.8262,10.0,4.4,mb,30.0,132.0,2.283,0.38,us,us6000jqbh,2023-04-22T21:33:20.040Z,"9 km S of Bni Bouayach, Morocco",earthquake,5.21,1.797,0.19,11.0,reviewed,us,us
2023-02-12T06:59:30.586Z,35.0455,-3.8846,10.0,4.1,mb,26.0,114.0,2.293,0.62,us,us6000jqbf,2023-04-22T21:33:20.040Z,"7 km SSW of Bni Bouayach, Morocco",earthquake,6.98,1.894,0.235,8.0,reviewed,us,us
2023-01-07T13:28:57.408Z,34.9885,-3.8382,10.0,4.4,mb,31.0,117.0,2.249,0.78,us,us7000j2t5,2023-03-11T22:51:44.040Z,"12 km S of Bni Bouayach, Morocco",earthquake,6.93,1.901,0.17,10.0,reviewed,us,us
2023-01-07T08:12:28.095Z,34.995,-3.9009,10.0,4.9,mww,180.0,46.0,2.238,0.52,us,us7000j2ru,2023-03-11T22:51:44.040Z,Morocco,earthquake,3.96,1.844,0.063,24.0,reviewed,us,us
2022-12-12T04:51:43.070Z,30.3325,-9.5904,10.0,4.1,mb,14.0,196.0,3.489,1.0,us,us6000j8wr,2023-02-18T22:04:07.040Z,"9 km SSW of Dakhla, Morocco",earthquake,6.36,2.003,0.301,3.0,reviewed,us,us
2022-11-30T11:07:01.690Z,35.5367,-3.4806,10.0,4.4,mb,43.0,89.0,2.396,0.44,us,us6000j5r8,2023-02-05T23:25:31.040Z,"52 km NE of Al Hoceïma, Morocco",earthquake,5.83,1.883,0.138,19.0,reviewed,us,us
2022-11-18T23:32:42.138Z,35.4546,-3.6108,10.0,4.3,mb,47.0,115.0,2.334,0.63,us,us7000iqvl,2023-01-28T19:58:28.040Z,"37 km NE of Al Hoceïma, Morocco",earthquake,6.69,1.904,0.116,21.0,reviewed,us,us
2022-11-04T22:26:50.471Z,35.4758,-3.5546,10.0,4.3,mb,26.0,116.0,2.786,0.36,us,us7000iml9,2023-01-12T23:11:34.040Z,"42 km NE of Al Hoceïma, Morocco",earthquake,7.13,1.926,0.306,3.0,reviewed,us,us
2022-10-21T12:45:58.940Z,35.3062,-4.0765,10.0,4.3,mb,55.0,109.0,2.08,0.53,us,us6000ivhg,2022-12-31T23:03:46.040Z,"13 km NW of Tirhanimîne, Morocco",earthquake,6.47,1.894,0.101,28.0,reviewed,us,us
2022-10-16T07:32:16.639Z,35.4713,-3.4838,15.504,4.5,mb,25.0,71.0,2.42,0.39,us,us6000iv98,2022-12-31T23:03:42.040Z,"47 km ENE of Al Hoceïma, Morocco",earthquake,3.69,4.785,0.163,11.0,reviewed,us,us
2022-10-04T15:39:29.753Z,35.2919,-3.6514,10.0,4.9,mb,70.0,95.0,2.382,0.71,us,us6000iqqa,2022-12-10T22:53:07.040Z,"24 km NE of Imzouren, Morocco",earthquake,3.75,1.838,0.057,99.0,reviewed,us,us
2022-10-04T15:37:19.100Z,35.5593,-3.4635,10.0,4.0,mb,18.0,116.0,2.4,1.02,us,us6000iqq9,2022-12-10T22:53:07.040Z,"54 km NE of Al Hoceïma, Morocco",earthquake,3.3,1.929,0.366,2.0,reviewed,us,us
2022-09-15T21:05:51.727Z,35.4973,-3.6194,10.0,4.6,mb,28.0,115.0,2.309,0.36,us,us7000ia5u,2022-11-19T23:03:52.040Z,Strait of Gibraltar,earthquake,6.91,1.926,0.244,5.0,reviewed,us,us
2022-08-23T17:46:05.496Z,35.4353,-3.4312,14.29,4.3,mb,22.0,139.0,2.788,0.94,us,us7000i422,2022-11-01T15:14:36.040Z,Strait of Gibraltar,earthquake,7.7,5.415,0.375,3.0,reviewed,us,us
2022-08-14T20:20:45.889Z,35.9373,-8.5367,38.552,4.1,mb,33.0,99.0,1.216,0.49,us,us6000iav1,2022-10-28T02:25:58.040Z,"124 km SSE of Sagres, Portugal",earthquake,6.87,9.221,0.106,24.0,reviewed,us,us
2022-08-10T18:33:15.094Z,35.5502,-3.6409,10.0,4.2,mb,22.0,134.0,2.271,0.95,us,us6000ic50,2022-10-21T23:20:16.040Z,Strait of Gibraltar,earthquake,6.26,1.944,0.304,3.0,reviewed,us,us
2022-08-03T21:19:57.003Z,35.4414,-3.6393,10.0,4.0,mb,37.0,77.0,2.319,0.72,us,us6000i7uy,2022-10-12T14:50:19.040Z,"34 km NE of Al Hoceïma, Morocco",earthquake,6.53,1.918,0.134,15.0,reviewed,us,us
2022-07-20T14:11:42.653Z,35.4923,-3.5369,10.0,4.1,mb,34.0,78.0,2.372,0.54,us,us7000hs39,2022-09-27T16:57:09.040Z,"45 km NE of Al Hoceïma, Morocco",earthquake,4.99,1.895,0.184,8.0,reviewed,us,us
2022-06-26T19:17:51.060Z,35.913,-0.3922,10.0,4.6,mb,39.0,75.0,1.74,0.69,us,us7000hkfb,2022-09-03T21:03:41.040Z,"14 km NW of Aïn el Bya, Algeria",earthquake,7.1,1.8,0.093,34.0,reviewed,us,us
2022-06-06T17:57:47.940Z,35.4506,-3.6166,10.0,4.0,mb,37.0,62.0,2.331,0.58,us,us7000hggy,2022-08-13T21:51:52.040Z,"36 km NE of Al Hoceïma, Morocco",earthquake,6.5,1.6,0.15,12.0,reviewed,us,us
2022-06-02T12:55:15.177Z,35.6277,-3.4835,10.0,4.5,mwr,90.0,60.0,2.359,0.97,us,us7000hec0,2022-08-06T22:13:16.040Z,"58 km NE of Al Hoceïma, Morocco",earthquake,6.3,1.8,0.073,18.0,reviewed,us,us
2022-05-29T20:15:25.294Z,35.3156,-3.5996,10.0,4.4,mb,35.0,82.0,3.086,0.67,us,us7000hee2,2022-08-06T22:13:19.040Z,"29 km NE of Imzouren, Morocco",earthquake,8.2,1.9,0.126,18.0,reviewed,us,us
2022-05-20T20:11:28.010Z,35.4408,-3.5561,10.0,4.1,mb,42.0,74.0,2.97,1.09,us,us6000hmrr,2022-07-24T02:40:43.040Z,"40 km ENE of Al Hoceïma, Morocco",earthquake,6.9,1.9,0.127,19.0,reviewed,us,us
2022-05-20T12:35:49.576Z,35.5176,-3.4789,10.0,5.5,mww,166.0,40.0,2.405,0.47,us,us6000hmld,2022-07-24T02:40:37.040Z,Strait of Gibraltar,earthquake,6.3,1.8,0.039,63.0,reviewed,us,us
2022-04-16T14:36:07.344Z,35.4589,-3.477,10.0,4.2,mb,,78.0,2.794,1.12,us,us6000hfbw,2022-06-26T01:18:27.040Z,"47 km ENE of Al Hoceïma, Morocco",earthquake,4.6,2.0,0.167,10.0,reviewed,us,us
2022-04-09T03:55:10.226Z,35.5087,-3.8224,10.0,4.3,mb,,112.0,2.155,0.2,us,us7000h1v0,2022-06-20T22:08:04.040Z,"30 km NNE of Al Hoceïma, Morocco",earthquake,3.1,2.0,0.266,6.0,reviewed,us,us
2022-04-07T07:09:04.463Z,35.5086,-3.6711,11.69,4.3,mb,,151.0,2.987,0.46,us,us7000h1t0,2022-06-11T20:21:19.040Z,"37 km NE of Al Hoceïma, Morocco",earthquake,8.0,6.5,0.168,10.0,reviewed,us,us
2022-02-08T15:18:00.954Z,35.5318,-3.6604,11.12,4.2,mb,,144.0,2.264,0.55,us,us7000gk24,2022-04-19T17:40:06.040Z,"39 km NE of Al Hoceïma, Morocco",earthquake,7.4,6.5,0.305,3.0,reviewed,us,us
2022-01-24T07:11:38.567Z,33.2582,-4.2807,10.0,4.2,mb,,78.0,0.559,0.63,us,us7000gei6,2022-08-06T12:59:45.487Z,"Fes-Boulemane, Morocco",earthquake,4.8,1.8,0.152,12.0,reviewed,us,us
2021-12-30T15:28:19.175Z,35.3652,-3.7794,10.0,4.3,mb,,230.0,4.196,0.46,us,us7000gax9,2022-03-05T23:11:11.040Z,"19 km NE of Al Hoceïma, Morocco",earthquake,4.5,2.0,0.239,5.0,reviewed,us,us
2021-12-23T01:54:26.211Z,35.1559,-3.896,10.0,4.8,mb,,29.0,2.287,0.56,us,us6000geqa,2022-03-01T16:39:37.040Z,"4 km WNW of Imzouren, Morocco",earthquake,6.0,1.8,0.048,133.0,reviewed,us,us
2021-11-18T01:23:01.611Z,35.4969,-3.6974,10.0,4.0,mb,,81.0,2.766,0.53,us,us7000fwhe,2022-01-22T20:52:11.040Z,"34 km NE of Al Hoceïma, Morocco",earthquake,5.4,1.9,0.182,8.0,reviewed,us,us
2021-10-23T19:54:01.108Z,35.3958,-3.4733,10.0,4.2,mb,,119.0,2.737,0.7,us,us7000fpgz,2022-01-08T17:43:31.040Z,"44 km NE of Imzouren, Morocco",earthquake,3.3,1.9,0.152,12.0,reviewed,us,us
2021-09-18T00:11:18.537Z,35.4828,-3.6101,10.0,4.2,mb,,115.0,2.779,0.37,us,us7000fdrm,2021-12-03T15:01:53.040Z,"39 km NE of Al Hoceïma, Morocco",earthquake,4.0,2.0,0.305,3.0,reviewed,us,us
2021-09-01T12:51:59.276Z,35.4448,-3.6889,10.0,4.0,mb,,134.0,2.281,0.55,us,us7000f9px,2021-11-06T20:28:32.040Z,"31 km NE of Al Hoceïma, Morocco",earthquake,7.3,2.0,0.133,15.0,reviewed,us,us
2021-08-28T11:20:49.968Z,35.4853,-3.5403,10.0,5.3,mww,,53.0,2.372,0.45,us,us7000f57a,2025-12-22T22:14:34.261Z,"44 km NE of Al Hoceïma, Morocco",earthquake,6.2,1.8,0.044,50.0,reviewed,us,us
2021-08-10T10:02:06.864Z,35.562,-3.3107,10.0,4.4,mb,,152.0,2.514,0.54,us,us6000f8dp,2021-10-23T15:46:51.040Z,"45 km NW of Melilla, Spain",earthquake,7.9,2.0,0.536,1.0,reviewed,us,us
2021-08-07T04:19:15.968Z,35.4578,-3.6295,10.0,4.3,mb,,91.0,2.319,0.75,us,us6000f337,2021-10-23T15:45:47.040Z,"36 km NE of Al Hoceïma, Morocco",earthquake,6.3,1.9,0.168,11.0,reviewed,us,us
2021-08-02T14:06:10.084Z,35.4442,-3.6231,10.0,4.4,mb,,116.0,2.329,0.65,us,us6000f3vc,2021-10-14T01:08:45.040Z,"35 km NE of Al Hoceïma, Morocco",earthquake,6.6,1.9,0.149,13.0,reviewed,us,us
2021-08-02T08:49:30.097Z,35.553,-3.9634,10.0,4.5,mb,,137.0,2.033,0.39,us,us6000f3vb,2021-10-14T01:08:44.040Z,"33 km N of Al Hoceïma, Morocco",earthquake,5.7,2.0,0.204,7.0,reviewed,us,us
2021-07-30T09:13:03.844Z,35.4993,-3.6941,10.0,4.3,mb,,63.0,2.253,0.63,us,us6000f0k4,2021-10-14T01:03:40.040Z,"35 km NE of Al Hoceïma, Morocco",earthquake,7.1,1.9,0.113,22.0,reviewed,us,us
2021-07-30T08:58:50.303Z,35.2794,-3.6453,10.0,4.6,mb,,61.0,2.392,0.53,us,us6000f0k0,2021-10-14T01:03:40.040Z,"23 km NE of Imzouren, Morocco",earthquake,4.2,1.9,0.076,52.0,reviewed,us,us
2021-07-11T11:40:03.607Z,35.4397,-3.6282,10.0,4.4,mb,,61.0,2.328,0.56,us,us6000eud8,2021-09-17T22:49:37.040Z,"34 km NE of Al Hoceïma, Morocco",earthquake,4.7,1.9,0.091,35.0,reviewed,us,us
2021-06-22T14:54:33.764Z,35.3962,-3.7318,18.08,4.4,mb,,131.0,2.661,0.57,us,us6000eprm,2021-08-27T18:58:24.040Z,"24 km NE of Al Hoceïma, Morocco",earthquake,7.4,6.6,0.309,6.0,reviewed,us,us
2021-06-19T03:23:06.975Z,35.4995,-3.5835,10.0,4.7,mb,,59.0,2.8,0.98,us,us7000eebi,2022-08-09T05:38:12.729Z,"42 km NE of Al Hoceïma, Morocco",earthquake,6.7,1.9,0.051,118.0,reviewed,us,us
2021-05-23T06:42:16.044Z,35.5354,-3.7349,10.0,4.5,mb,,95.0,2.207,0.82,us,us6000effz,2021-07-31T22:08:48.040Z,"36 km NNE of Al Hoceïma, Morocco",earthquake,7.0,1.9,0.171,10.0,reviewed,us,us
2021-05-23T06:18:40.351Z,35.4548,-3.6342,10.0,4.3,mb,,115.0,2.743,0.47,us,us6000efg5,2021-07-31T22:08:47.040Z,"35 km NE of Al Hoceïma, Morocco",earthquake,5.2,1.8,0.308,3.0,reviewed,us,us
2021-05-21T11:10:55.397Z,35.4151,-3.6628,10.0,4.4,mb,,82.0,2.314,0.54,us,us6000ef2q,2021-07-31T22:07:57.040Z,"30 km NE of Al Hoceïma, Morocco",earthquake,5.1,1.9,0.22,6.0,reviewed,us,us
2021-05-14T06:54:59.538Z,35.3374,-3.7105,10.0,4.3,mb,,61.0,2.612,0.91,us,us7000e4pb,2021-07-24T21:06:48.040Z,"22 km ENE of Al Hoceïma, Morocco",earthquake,4.1,2.0,0.2,7.0,reviewed,us,us
2021-05-11T16:52:02.638Z,35.4606,-3.5802,5.25,4.6,mb,,116.0,2.749,0.3,us,us7000e457,2021-07-23T18:08:47.040Z,"39 km NE of Al Hoceïma, Morocco",earthquake,7.2,4.8,0.245,5.0,reviewed,us,us
2021-05-01T22:10:06.405Z,35.4452,-3.6289,10.0,4.3,mb,,61.0,2.325,0.68,us,us7000dzcm,2021-07-10T20:14:54.040Z,"35 km NE of Al Hoceïma, Morocco",earthquake,6.3,1.9,0.09,35.0,reviewed,us,us
2021-04-23T02:59:21.593Z,31.8191,-10.2808,10.0,4.2,mb,,71.0,2.835,1.01,us,us6000e3uk,2021-07-07T18:33:44.040Z,"59 km NW of Essaouira, Morocco",earthquake,4.2,1.9,0.118,20.0,reviewed,us,us
2020-12-08T16:35:41.871Z,35.143,-9.2935,10.0,4.5,mb,,157.0,2.021,0.72,us,us7000cqb9,2021-02-12T22:41:29.040Z,"209 km S of Sagres, Portugal",earthquake,8.3,1.9,0.131,17.0,reviewed,us,us
2020-09-06T11:56:23.041Z,35.5541,-5.3362,10.0,4.3,mb,,82.0,1.15,1.21,us,us7000bl6b,2020-11-17T19:44:45.040Z,"3 km SE of Tétouan, Morocco",earthquake,6.2,1.9,0.153,12.0,reviewed,us,us
2020-07-25T12:13:00.471Z,35.4251,-3.8678,10.0,4.8,mb,,101.0,2.162,0.4,us,us6000b3z5,2020-10-03T17:32:22.040Z,"20 km NNE of Al Hoceïma, Morocco",earthquake,7.1,1.9,0.042,175.0,reviewed,us,us
2020-07-01T06:06:44.360Z,34.3852,-4.9715,10.0,4.5,mb,,70.0,1.523,1.03,us,us7000afmd,2020-09-11T22:13:46.040Z,"34 km WSW of Taounate, Morocco",earthquake,5.7,1.8,0.065,69.0,reviewed,us,us
2020-02-16T21:56:53.345Z,32.6752,-4.2435,10.0,4.3,mb,,93.0,0.336,0.75,us,us70007rha,2020-05-02T22:10:00.040Z,"47 km E of Midelt, Morocco",earthquake,4.4,1.8,0.114,22.0,reviewed,us,us
2019-11-17T14:39:07.534Z,32.5946,-4.2595,10.0,4.2,mb,,112.0,0.365,0.79,us,us700069bc,2020-02-07T20:22:01.040Z,"46 km ESE of Midelt, Morocco",earthquake,5.3,1.9,0.141,14.0,reviewed,us,us
2019-11-17T08:39:09.032Z,32.6609,-4.2534,10.0,5.0,mww,,46.0,0.334,0.65,us,us70006937,2025-12-22T18:21:52.582Z,"46 km E of Midelt, Morocco",earthquake,5.3,1.9,0.048,41.0,reviewed,us,us
2019-10-18T15:54:11.302Z,35.5205,-1.1122,10.0,4.5,mb,,156.0,2.064,1.19,us,us70005vin,2020-01-03T16:09:31.040Z,"8 km W of El Amria, Algeria",earthquake,5.1,1.9,0.15,13.0,reviewed,us,us
2019-08-05T04:37:35.573Z,33.9511,-11.501,10.0,4.0,ml,,159.0,3.472,0.42,us,us600054m1,2019-10-19T21:42:22.040Z,"266 km WNW of Oualidia, Morocco",earthquake,4.2,2.0,0.115,10.0,reviewed,us,us
2019-02-16T04:35:34.810Z,34.8752,-4.5637,59.4,4.3,mb,,67.0,2.056,1.0,us,us2000jiqq,2019-05-01T22:00:50.040Z,"23 km WSW of Targuist, Morocco",earthquake,7.1,4.4,0.126,18.0,reviewed,us,us
2018-06-04T22:11:43.740Z,32.5435,-4.5132,10.0,4.3,mb,,126.0,0.281,0.95,us,us1000ein5,2018-08-29T16:33:50.040Z,"26 km SE of Midelt, Morocco",earthquake,9.1,1.9,0.081,43.0,reviewed,us,us
2017-07-11T03:18:19.340Z,35.8088,-1.6856,10.0,4.8,mwr,,46.0,1.857,0.87,us,us100098pt,2017-10-06T23:56:13.040Z,"62 km NNW of Beni Saf, Algeria",earthquake,4.7,1.9,0.066,22.0,reviewed,us,us
2017-07-08T10:42:50.160Z,35.9107,-1.6313,10.0,4.3,mb,,84.0,1.747,1.22,us,us1000984v,2017-10-03T00:47:54.040Z,"70 km NW of El Amria, Algeria",earthquake,7.2,1.9,0.178,9.0,reviewed,us,us
2017-07-05T03:27:09.410Z,33.4516,-2.8606,10.0,4.3,mb,,69.0,1.597,0.99,us,us100096tl,2017-10-03T00:47:49.040Z,"97 km SSE of Guercif, Morocco",earthquake,7.2,1.9,0.153,12.0,reviewed,us,us
2017-02-20T07:44:10.090Z,30.2546,-9.8262,10.0,4.4,mb,,110.0,3.664,0.56,us,us20008lc6,2017-05-17T01:19:33.040Z,"28 km SW of Agadir, Morocco",earthquake,7.4,2.0,0.179,9.0,reviewed,us,us
2016-04-24T15:54:00.960Z,33.5258,-11.4314,13.51,4.6,mb,,62.0,4.181,0.66,us,us20005lf1,2016-07-08T02:49:20.040Z,"240 km WNW of Oualidia, Morocco",earthquake,7.5,4.3,0.063,75.0,reviewed,us,us
2016-04-08T07:10:08.020Z,35.5244,-3.7976,10.0,4.3,mb,,130.0,2.166,0.81,us,us20005iet,2016-06-21T01:14:03.040Z,"32 km NNE of Al Hoceïma, Morocco",earthquake,8.6,1.9,0.147,13.0,reviewed,us,us
2016-04-05T17:39:02.140Z,35.7225,-3.7432,10.0,4.2,mb,,124.0,3.612,1.26,us,us20005hgt,2016-06-17T21:45:38.040Z,Strait of Gibraltar,earthquake,5.9,1.9,0.124,21.0,reviewed,us,us
2016-04-02T14:48:04.900Z,35.4893,-3.8335,10.0,4.2,mb,,128.0,3.095,0.66,us,us20005gdu,2016-06-17T21:45:06.040Z,"28 km NNE of Al Hoceïma, Morocco",earthquake,6.0,1.9,0.264,4.0,reviewed,us,us
2016-03-16T23:10:45.330Z,35.6679,-3.5522,10.0,4.2,mb,,124.0,2.806,0.46,us,us20005asz,2016-05-21T00:05:34.040Z,"57 km NE of Al Hoceïma, Morocco",earthquake,9.4,2.0,0.175,9.0,reviewed,us,us
2016-03-16T19:43:08.720Z,35.7179,-3.701,10.0,4.1,mb,,124.0,2.862,0.59,us,us20005asy,2022-08-02T15:21:59.212Z,"55 km NNE of Al Hoceïma, Morocco",earthquake,8.2,1.9,0.261,4.0,reviewed,us,us
2016-03-16T16:27:34.440Z,35.2459,-3.7026,10.0,4.7,mb,,30.0,2.369,1.05,us,us20005a6s,2022-08-02T14:41:14.947Z,Strait of Gibraltar,earthquake,6.4,1.8,0.062,79.0,reviewed,us,us
2016-03-15T04:40:39.110Z,35.6879,-3.634,10.0,5.2,mww,,30.0,0.548,0.66,us,us10004xp4,2022-08-07T10:17:39.593Z,"55 km NNE of Al Hoceïma, Morocco",earthquake,3.2,1.8,,,reviewed,us,us
2016-03-13T20:54:00.910Z,35.4791,-3.6897,10.0,4.2,mb,,127.0,2.265,1.34,us,us20005afn,2016-05-21T00:05:29.040Z,"33 km NE of Al Hoceïma, Morocco",earthquake,4.8,2.0,0.176,9.0,reviewed,us,us
2016-03-12T15:17:12.030Z,35.6643,-3.5879,10.0,4.9,mww,,59.0,2.266,0.62,us,us10004x0y,2022-08-02T14:13:30.914Z,"55 km NE of Al Hoceïma, Morocco",earthquake,4.2,1.8,,,reviewed,us,us
2016-03-12T15:04:05.380Z,35.6221,-3.5757,10.0,4.8,mww,,45.0,2.291,0.78,us,us10004x0u,2022-08-02T14:16:48.906Z,"52 km NE of Al Hoceïma, Morocco",earthquake,7.5,1.8,,,reviewed,us,us
2016-03-11T09:40:21.790Z,35.854,-3.7957,10.0,4.3,mb,,122.0,2.043,0.89,us,us200059zf,2016-05-21T00:05:24.040Z,"68 km N of Al Hoceïma, Morocco",earthquake,4.4,1.9,0.178,9.0,reviewed,us,us
2016-03-11T04:19:47.560Z,35.6577,-3.6245,10.0,4.6,mb,,72.0,2.856,0.65,us,us20005a01,2016-05-21T00:05:24.040Z,"53 km NNE of Al Hoceïma, Morocco",earthquake,5.8,1.9,0.165,11.0,reviewed,us,us
2016-03-11T04:16:47.910Z,35.6992,-3.5952,10.0,5.0,mww,,24.0,2.248,0.69,us,us10004wp4,2022-08-02T13:54:04.778Z,"58 km NNE of Al Hoceïma, Morocco",earthquake,6.4,1.7,,,reviewed,us,us
2016-03-10T23:04:19.370Z,35.7077,-3.6625,10.0,4.2,mb,,89.0,2.194,1.05,us,us10004xth,2016-05-16T18:01:51.040Z,"56 km NNE of Al Hoceïma, Morocco",earthquake,7.6,1.9,0.121,19.0,reviewed,us,us
2016-03-09T23:46:07.400Z,35.6773,-3.5733,10.0,4.8,mb,,30.0,2.272,0.54,us,us10004wer,2022-08-02T13:45:27.103Z,"57 km NE of Al Hoceïma, Morocco",earthquake,6.7,1.8,0.045,152.0,reviewed,us,us
2016-03-03T11:36:26.230Z,35.4857,-3.7849,10.0,5.0,mb,,51.0,2.193,1.02,us,us10004ubk,2022-08-02T12:50:16.891Z,"29 km NNE of Al Hoceïma, Morocco",earthquake,5.5,1.4,0.044,169.0,reviewed,us,us
2016-02-28T11:03:17.630Z,35.5718,-3.5728,11.72,4.3,mb,,125.0,2.885,0.55,us,us10004ud0,2016-05-06T23:34:17.040Z,"48 km NE of Al Hoceïma, Morocco",earthquake,5.1,7.4,0.267,4.0,reviewed,us,us
2016-02-23T10:12:32.860Z,35.6949,-3.5641,10.0,4.7,mb,,81.0,2.273,0.78,us,us10004rzc,2016-05-03T23:44:18.040Z,"59 km NE of Al Hoceïma, Morocco",earthquake,5.6,1.9,0.074,55.0,reviewed,us,us
2016-02-23T08:46:01.010Z,35.6866,-3.6285,10.0,4.8,mb,,45.0,2.227,0.72,us,us10004ryd,2016-05-03T23:44:18.040Z,"55 km NNE of Al Hoceïma, Morocco",earthquake,7.3,1.8,0.052,116.0,reviewed,us,us
2016-02-22T04:14:30.100Z,35.7366,-3.5222,10.0,4.6,mb,,74.0,2.291,0.71,us,us10004rmk,2022-08-02T11:25:15.814Z,"65 km NE of Al Hoceïma, Morocco",earthquake,7.6,1.8,0.088,39.0,reviewed,us,us
2016-02-22T03:46:02.460Z,35.7375,-3.5108,10.0,5.1,mww,,25.0,2.3,0.77,us,us10004rmh,2025-12-22T17:36:35.748Z,"66 km NE of Al Hoceïma, Morocco",earthquake,6.1,1.8,,,reviewed,us,us
2016-02-08T11:21:43.780Z,35.3652,-3.8782,8.47,4.2,mb,,129.0,3.207,0.61,us,us20004ypx,2016-04-19T01:33:24.040Z,"13 km NNE of Al Hoceïma, Morocco",earthquake,8.9,7.6,0.371,2.0,reviewed,us,us
2016-02-05T09:04:41.120Z,35.6181,-3.8796,10.0,4.3,mb,,109.0,2.861,0.89,us,us20004z1n,2016-04-19T01:33:19.040Z,"40 km N of Al Hoceïma, Morocco",earthquake,7.7,1.9,0.218,6.0,reviewed,us,us
2016-02-05T09:02:59.050Z,35.5909,-3.7731,10.0,4.4,mb,,135.0,2.99,0.62,us,us20004z1m,2016-04-19T01:33:19.040Z,"40 km NNE of Al Hoceïma, Morocco",earthquake,7.0,2.0,0.269,4.0,reviewed,us,us
2016-02-03T21:27:49.390Z,35.6091,-3.7462,10.0,4.0,mb,,111.0,2.962,1.13,us,us20004y5r,2016-04-14T22:51:42.040Z,"43 km NNE of Al Hoceïma, Morocco",earthquake,4.2,2.0,0.172,9.0,reviewed,us,us
2016-02-01T23:50:48.860Z,35.4566,-3.8528,10.0,4.2,mb,,128.0,2.157,0.84,us,us20004weu,2016-04-14T22:51:39.040Z,"23 km NNE of Al Hoceïma, Morocco",earthquake,8.3,1.9,0.152,12.0,reviewed,us,us
2016-01-29T01:16:20.570Z,35.4263,-3.8032,10.0,4.1,mb,,130.0,2.208,1.0,us,us20004wtz,2016-04-14T22:51:32.040Z,"22 km NNE of Al Hoceïma, Morocco",earthquake,6.9,1.9,0.197,7.0,reviewed,us,us
2016-01-28T19:48:51.250Z,35.452,-3.821,10.0,4.5,mb,,101.0,2.182,0.8,us,us20004vbu,2022-08-02T07:37:03.384Z,"24 km NNE of Al Hoceïma, Morocco",earthquake,3.5,1.8,0.074,53.0,reviewed,us,us
2016-01-27T21:57:49.590Z,35.5796,-3.7851,10.0,4.3,mb,,90.0,0.708,1.39,us,us20004wc1,2016-04-08T23:06:18.040Z,"38 km NNE of Al Hoceïma, Morocco",earthquake,4.4,1.7,0.143,14.0,reviewed,us,us
2016-01-27T06:32:07.970Z,35.6728,-3.568,10.0,4.9,mb,,32.0,2.278,0.89,us,us20004uze,2022-08-02T07:26:06.559Z,"57 km NE of Al Hoceïma, Morocco",earthquake,6.1,1.8,0.036,270.0,reviewed,us,us
2016-01-26T04:35:59.240Z,35.5265,-3.6992,10.0,4.5,mb,,140.0,2.238,0.8,us,us20004ult,2016-04-08T23:06:15.040Z,"37 km NE of Al Hoceïma, Morocco",earthquake,7.3,1.9,0.1,29.0,reviewed,us,us
2016-01-26T01:16:45.990Z,35.4901,-3.9411,1.2,4.1,mwr,,209.0,3.159,0.62,us,us20004vkl,2016-04-08T23:06:15.040Z,"26 km N of Al Hoceïma, Morocco",earthquake,7.2,6.2,0.054,33.0,reviewed,us,us
2016-01-25T18:17:33.430Z,35.5913,-3.7694,10.0,4.1,mb,,98.0,2.158,0.73,us,us10004h4a,2022-08-07T09:05:05.805Z,"40 km NNE of Al Hoceïma, Morocco",earthquake,8.0,1.9,0.123,18.0,reviewed,us,us
2016-01-25T16:02:43.560Z,35.5363,-3.7839,10.0,4.3,mb,,127.0,2.171,0.73,us,us10004h36,2022-08-02T07:14:23.237Z,"34 km NNE of Al Hoceïma, Morocco",earthquake,5.6,1.8,0.106,25.0,reviewed,us,us
2016-01-25T14:52:42.740Z,35.739,-3.5856,10.0,4.9,mb,,32.0,2.242,0.58,us,us10004h2m,2022-08-02T07:13:27.846Z,"62 km NNE of Al Hoceïma, Morocco",earthquake,5.9,1.8,0.037,225.0,reviewed,us,us
2016-01-25T11:29:23.070Z,35.4901,-3.7475,21.43,4.4,mb,,228.0,3.044,0.57,us,us20004vk3,2016-04-08T23:06:14.040Z,"31 km NNE of Al Hoceïma, Morocco",earthquake,10.7,6.9,0.24,5.0,reviewed,us,us
2016-01-25T08:25:06.100Z,35.5453,-3.6703,10.0,4.7,mb,,96.0,2.251,0.76,us,us10004h0q,2016-04-08T23:06:14.040Z,"40 km NE of Al Hoceïma, Morocco",earthquake,7.0,1.9,0.078,50.0,reviewed,us,us
2016-01-25T08:15:29.050Z,35.6955,-3.6741,10.0,4.1,mb,,114.0,2.189,0.68,us,us20004vjq,2016-04-08T23:06:14.040Z,"54 km NNE of Al Hoceïma, Morocco",earthquake,6.8,2.0,0.37,2.0,reviewed,us,us
2016-01-25T07:55:15.780Z,35.4917,-3.8394,10.0,4.2,mb,,128.0,2.151,0.52,us,us20004vjn,2016-04-08T23:06:14.040Z,"28 km NNE of Al Hoceïma, Morocco",earthquake,4.3,1.9,0.373,2.0,reviewed,us,us
2016-01-25T06:10:41.960Z,35.5051,-3.8783,10.0,5.2,mb,,34.0,2.116,0.71,us,us10004gzj,2022-08-02T07:07:08.936Z,"28 km N of Al Hoceïma, Morocco",earthquake,5.9,1.8,0.031,343.0,reviewed,us,us
2016-01-25T05:54:05.460Z,35.4764,-3.7734,10.0,5.1,mwr,,32.0,2.206,0.71,us,us10004gzd,2022-08-02T07:06:12.498Z,"29 km NNE of Al Hoceïma, Morocco",earthquake,6.0,1.8,0.063,24.0,reviewed,us,us
2016-01-25T05:37:11.890Z,35.4992,-3.8211,10.0,4.2,mb,,100.0,2.161,1.05,us,us10004gz8,2016-04-08T23:06:13.040Z,"29 km NNE of Al Hoceïma, Morocco",earthquake,6.6,1.9,0.176,9.0,reviewed,us,us
2016-01-25T05:03:46.300Z,35.6749,-3.7449,10.0,4.7,mb,,97.0,2.143,0.98,us,us10004gyu,2016-04-08T23:06:13.040Z,"50 km NNE of Al Hoceïma, Morocco",earthquake,6.6,1.8,0.065,72.0,reviewed,us,us
2016-01-25T04:34:19.170Z,35.6805,-3.723,10.0,5.3,mb,,37.0,2.158,0.92,us,us10004gyj,2022-08-02T07:04:17.315Z,"51 km NNE of Al Hoceïma, Morocco",earthquake,3.3,1.8,0.032,324.0,reviewed,us,us
2016-01-25T04:30:55.190Z,35.5953,-3.8166,10.0,5.0,mb,,58.0,2.122,0.79,us,us10004gz3,2022-08-02T07:05:13.536Z,"39 km NNE of Al Hoceïma, Morocco",earthquake,6.2,1.8,0.071,64.0,reviewed,us,us
2016-01-25T04:22:02.730Z,35.6493,-3.6818,12.0,6.3,mww,,20.0,2.201,0.92,us,us10004gy9,2026-01-28T17:22:01.927Z,"49 km NNE of Al Hoceïma, Morocco",earthquake,5.9,1.7,,,reviewed,us,us
2016-01-21T13:47:19.860Z,35.6247,-3.6499,10.0,5.1,mwr,,65.0,2.234,0.85,us,us10004g3i,2022-08-07T08:58:18.616Z,"48 km NNE of Al Hoceïma, Morocco",earthquake,7.5,1.8,,,reviewed,us,mdd
2015-03-06T04:01:49.340Z,34.896,-2.8022,5.0,4.3,mb,,76.0,0.411,1.05,us,usc000tvft,2015-05-28T00:48:34.040Z,"8 km SW of Zaïo, Morocco",earthquake,5.0,1.9,0.161,13.0,reviewed,us,us
2015-01-29T04:29:07.430Z,30.2995,-9.6366,16.12,4.1,mb,,85.0,4.368,0.43,us,usc000tk89,2022-07-27T17:52:09.628Z,"13 km SSW of Agadir, Morocco",earthquake,6.5,6.1,0.197,8.0,reviewed,us,us
2014-11-03T03:39:39.000Z,34.8594,-11.399,19.99,4.6,mb,,40.0,3.081,1.29,us,usc000stkj,2022-07-27T06:33:16.131Z,"Madeira Islands, Portugal region",earthquake,5.8,3.9,0.066,70.0,reviewed,us,us
2014-11-02T18:32:06.920Z,35.7398,-4.4709,111.35,4.1,mb,,55.0,0.753,0.97,us,usc000stit,2015-01-20T09:03:12.040Z,"72 km NW of Al Hoceïma, Morocco",earthquake,4.2,4.2,0.166,11.0,reviewed,us,us
2014-10-09T20:21:12.770Z,34.9249,-4.4305,18.67,4.4,mb,,126.0,2.108,0.99,us,usb000spg9,2015-01-06T23:49:48.040Z,"10 km W of Targuist, Morocco",earthquake,8.9,4.6,0.535,2.0,reviewed,us,us
2014-08-31T20:14:07.040Z,31.0564,-8.7735,10.0,4.8,mb,,73.0,3.341,0.98,us,usc000s8jy,2020-07-10T19:13:09.277Z,"65 km N of Taroudant, Morocco",earthquake,8.5,1.9,0.209,8.0,reviewed,us,us
2014-07-31T17:14:23.840Z,34.999,-2.9655,7.5,4.1,mb,,,,0.91,us,usb000ryxq,2014-10-29T19:52:52.000Z,"4 km ESE of Al Aaroui, Morocco",earthquake,,4.6,0.14,16.0,reviewed,mdd,us
2014-06-02T07:02:09.440Z,35.929,-3.545,0.0,4.4,mb,,,,0.66,us,usc000ra1b,2014-08-26T01:21:10.000Z,"83 km NNE of Al Hoceïma, Morocco",earthquake,,1.9,0.219,6.0,reviewed,mdd,us
2014-05-14T13:51:49.530Z,33.6607,-4.9973,17.89,4.2,mb,,264.0,2.903,0.55,us,usb000qm9g,2014-08-09T02:53:42.000Z,"18 km NE of Ifrane, Morocco",earthquake,,9.2,0.305,3.0,reviewed,us,us
2014-05-12T03:53:19.970Z,32.2895,-6.2519,10.0,4.0,mb,,106.0,3.671,0.57,us,usb000qimc,2014-08-06T00:55:33.000Z,"10 km ESE of Beni Mellal, Morocco",earthquake,,2.0,0.298,3.0,reviewed,us,us
2014-05-01T07:46:26.500Z,34.9512,-10.1239,10.0,4.2,mb,,300.0,2.417,1.02,us,usb000q68c,2014-07-27T21:51:14.000Z,"239 km NW of El Jadid, Morocco",earthquake,,2.0,0.529,1.0,reviewed,us,us
2014-04-15T07:56:47.070Z,33.6872,-5.1015,10.0,4.2,mb,,65.0,1.491,0.92,us,usb000pl10,2014-07-01T02:38:10.000Z,"17 km N of Ifrane, Morocco",earthquake,,1.9,0.132,17.0,reviewed,us,us
2014-03-20T23:27:35.470Z,35.8883,-0.3949,13.96,4.2,mb,,53.0,0.199,1.14,us,usc000njdz,2022-07-26T10:09:19.977Z,"12 km NW of Aïn el Bya, Algeria",earthquake,,5.2,0.526,3.0,reviewed,us,us
2014-03-14T21:50:56.150Z,33.8008,-4.1299,18.26,4.2,mb,,126.0,1.061,1.06,us,usc000nnp4,2014-05-16T21:51:41.000Z,"15 km SW of Tmourghout, Morocco",earthquake,,6.4,0.152,12.0,reviewed,us,us
2014-03-11T12:27:05.040Z,34.2111,-4.9098,10.04,4.6,mb,,76.0,1.412,0.88,us,usc000n7mb,2014-05-15T02:24:25.000Z,"16 km NNE of Fès al Bali, Morocco",earthquake,,1.9,0.064,76.0,reviewed,us,us
2013-12-16T07:06:20.350Z,35.4835,-7.0328,34.84,4.8,mb,,44.0,1.187,0.88,us,usc000llcq,2022-07-26T03:31:40.459Z,"85 km WNW of Larache, Morocco",earthquake,,4.4,0.057,,reviewed,us,us
2013-10-23T13:57:28.140Z,35.2107,-9.4056,44.37,4.4,mb,,81.0,1.974,1.07,us,usb000kj73,2014-01-03T00:32:51.000Z,"203 km SSW of Sagres, Portugal",earthquake,,4.6,0.11,,reviewed,us,us
2013-08-08T07:05:25.220Z,35.245,-4.1921,10.0,4.2,mb,,76.0,2.039,1.3,us,usb000iydg,2013-10-12T21:32:31.000Z,"21 km W of Tirhanimîne, Morocco",earthquake,,1.9,0.108,,reviewed,us,us
2013-05-31T08:46:26.700Z,32.417,-5.379,10.4,4.5,mb,28.0,96.0,,1.21,us,us2013qwds,2014-11-07T01:50:55.886Z,"56 km ESE of Zawyat ech Cheïkh, Morocco",earthquake,,3.9,,11.0,reviewed,us,us
2013-05-02T18:55:36.550Z,35.731,-0.056,17.3,4.2,mb,51.0,81.2,,0.99,us,usc000gm4v,2014-11-07T01:50:43.531Z,"23 km ESE of Aïn el Bya, Algeria",earthquake,,14.9,,14.0,reviewed,us,us
2013-04-29T19:27:25.200Z,34.703,-2.173,8.1,4.1,mb,16.0,85.3,,0.85,us,usp000k0g8,2014-11-07T01:50:39.581Z,"24 km W of Oujda-Angad, Morocco",earthquake,,10.1,,2.0,reviewed,us,us
2013-04-14T21:43:15.210Z,33.358,-5.037,10.0,4.3,mb,21.0,113.0,,1.01,us,usb000g6u3,2014-11-07T01:50:34.093Z,"19 km ESE of Azrou, Morocco",earthquake,,3.1,,13.0,reviewed,us,us
2012-03-21T06:41:58.780Z,35.713,-0.592,24.4,4.2,ml,28.0,76.2,,,us,usp000jgjt,2014-11-07T01:47:17.493Z,"4 km ENE of Oran, Algeria",earthquake,,,,,reviewed,mdd,alg
2012-02-18T00:28:25.150Z,34.413,-5.534,10.0,4.2,mb,67.0,73.6,,0.98,us,usp000jf1z,2015-03-24T01:53:10.042Z,"26 km NE of Sidi Qacem, Morocco",earthquake,,,,14.0,reviewed,us,us
2011-05-11T23:23:34.840Z,33.575,-12.445,14.8,4.6,mb,143.0,70.2,,,us,usp000j1f6,2014-11-07T01:44:49.784Z,"Madeira Islands, Portugal region",earthquake,,,,18.0,reviewed,mdd,us
2011-02-18T01:10:06.970Z,35.557,-4.5,10.0,4.2,mb,58.0,117.0,,1.02,us,usp000hup0,2014-11-07T01:43:40.952Z,"61 km NW of Tirhanimîne, Morocco",earthquake,,,,5.0,reviewed,us,us
2011-02-14T06:02:55.690Z,32.011,-5.912,7.9,4.5,mb,64.0,67.4,,1.3,us,usp000hugr,2022-07-19T04:09:53.023Z,"53 km NE of Ifrane, Morocco",earthquake,,8.5,,18.0,reviewed,us,us
2010-11-08T06:55:43.700Z,34.919,-11.862,30.0,4.0,ml,13.0,243.6,,,us,usp000hp9a,2014-11-07T01:42:53.163Z,"Madeira Islands, Portugal region",earthquake,,,,,reviewed,csem,csem
2010-08-05T18:54:15.510Z,32.257,-5.698,10.0,4.6,mb,80.0,68.9,,1.23,us,usp000hhm4,2014-11-07T01:42:11.416Z,"47 km SSE of Zawyat ech Cheïkh, Morocco",earthquake,,,,29.0,reviewed,us,us
2010-07-23T12:45:11.610Z,35.926,-10.428,10.0,4.3,mb,35.0,144.7,,0.69,us,usp000hgkc,2014-11-07T01:41:59.565Z,"179 km SW of Sagres, Portugal",earthquake,,,,1.0,reviewed,us,us
2010-04-22T01:23:55.960Z,35.269,-6.226,10.0,4.8,mb,53.0,120.6,,0.96,us,usp000hbrw,2022-07-16T11:32:04.322Z,"10 km NW of Larache, Morocco",earthquake,,,,1.0,reviewed,us,us
2010-04-14T15:21:15.880Z,34.714,-5.527,15.6,4.1,mb,35.0,75.6,,0.74,us,usp000hbcs,2014-11-07T01:41:16.248Z,"10 km SSE of Ouezzane, Morocco",earthquake,,14.5,,5.0,reviewed,us,us
2010-02-14T22:14:33.030Z,34.936,-5.504,27.1,4.2,mb,32.0,101.5,,0.84,us,usp000h7am,2014-11-07T01:40:42.592Z,"16 km NNE of Ouezzane, Morocco",earthquake,,12.2,,4.0,reviewed,us,us
2010-01-21T16:57:04.540Z,34.857,-5.568,10.0,4.5,mb,60.0,81.4,,1.04,us,usp000h6ez,2014-11-07T01:40:32.588Z,"6 km N of Ouezzane, Morocco",earthquake,,,,15.0,reviewed,us,us
2009-12-14T06:41:12.760Z,32.86,-0.078,10.0,4.9,mwc,187.0,47.2,,1.2,us,usp000h51b,2016-11-10T02:21:37.284Z,"48 km ENE of Aïn Sefra, Algeria",earthquake,,,,,reviewed,us,gcmt
2009-08-18T06:55:58.230Z,35.993,-7.937,10.0,4.2,mb,24.0,123.4,,0.83,us,usp000h0k2,2014-11-07T01:39:32.008Z,"113 km S of Faro, Portugal",earthquake,,,,1.0,reviewed,us,us
2009-07-06T00:00:28.270Z,31.997,-6.078,16.6,4.5,mb,54.0,70.8,,1.09,us,usp000gyyz,2014-11-07T01:39:17.697Z,"41 km NE of Ifrane, Morocco",earthquake,,7.7,,1.0,reviewed,us,us
2009-02-28T20:04:28.760Z,31.351,-9.368,16.7,4.2,mb,46.0,72.3,,1.11,us,usp000gug5,2014-11-07T01:38:28.216Z,"42 km ESE of Essaouira, Morocco",earthquake,,8.6,,7.0,reviewed,us,us
2008-09-09T13:36:38.800Z,35.528,-7.052,26.4,4.0,ml,93.0,87.6,,0.79,us,usp000ggqm,2014-11-07T01:37:09.642Z,"89 km WNW of Larache, Morocco",earthquake,,18.8,,,reviewed,us,csem
2008-07-24T17:19:52.130Z,35.641,-0.976,22.0,4.9,m,112.0,117.2,,,us,usp000gd2b,2014-11-07T01:36:42.638Z,"10 km NW of Bou Tlelis, Algeria",earthquake,,,,,reviewed,mdd,mdd
2008-06-20T01:34:12.620Z,35.822,-0.524,33.8,4.0,m,32.0,241.2,,,us,usp000ga4h,2014-11-07T01:36:23.443Z,"11 km N of Bir el Djir, Algeria",earthquake,,,,,reviewed,mdd,mdd
2008-06-10T12:13:42.000Z,35.935,-0.554,0.0,4.2,m,47.0,237.0,,,us,usp000g94f,2014-11-07T01:36:18.234Z,"23 km N of Bir el Djir, Algeria",earthquake,,,,,reviewed,mdd,mdd
2008-06-06T22:48:23.240Z,35.827,-0.63,0.0,4.5,m,86.0,50.4,,,us,usp000g8rj,2014-11-07T01:36:15.633Z,"13 km NNE of Mers el Kebir, Algeria",earthquake,,,,,reviewed,mdd,mdd
2008-06-06T21:10:38.950Z,35.775,-0.592,0.0,4.2,m,46.0,242.4,,,us,usp000g8rb,2014-11-07T01:36:15.611Z,"7 km NW of Bir el Djir, Algeria",earthquake,,,,,reviewed,mdd,mdd
2008-06-06T20:02:56.890Z,35.883,-0.658,4.0,5.5,mwc,476.0,29.2,,1.06,us,usp000g8r4,2022-07-13T18:46:44.086Z,"17 km NNE of Mers el Kebir, Algeria",earthquake,,,,,reviewed,us,us
2008-05-10T16:33:04.860Z,35.914,-10.82,10.0,4.0,mb,65.0,133.1,,0.73,us,usp000g60u,2014-11-07T01:35:54.907Z,"207 km SW of Sagres, Portugal",earthquake,,,,1.0,reviewed,us,us
2008-02-05T19:16:18.180Z,32.142,-1.356,0.0,4.0,m,16.0,295.8,,,us,usp000fy8g,2014-11-07T01:34:54.198Z,"71 km SE of Bouarfa, Morocco",earthquake,,,,,reviewed,mdd,mdd
2008-01-09T22:24:03.860Z,35.616,-0.57,10.0,4.6,mb,286.0,52.4,,1.18,us,usp000fwc2,2022-07-13T23:03:55.456Z,"6 km SE of Es Senia, Algeria",earthquake,,,,37.0,reviewed,us,us
2007-12-18T06:11:58.530Z,32.213,-6.251,0.0,4.1,m,13.0,319.8,,,us,usp000fup3,2014-11-07T01:34:26.337Z,"16 km SE of Beni Mellal, Morocco",earthquake,,,,,reviewed,mdd,mdd
2007-11-23T04:28:58.750Z,35.967,-10.081,11.4,4.2,m,37.0,285.4,,,us,usp000ft49,2014-11-07T01:34:13.890Z,"154 km SW of Sagres, Portugal",earthquake,,,,,reviewed,mdd,mdd
2007-10-15T23:06:51.580Z,35.875,-0.77,0.0,4.0,m,40.0,234.3,,,us,usp000fqmy,2014-11-07T01:33:56.352Z,"14 km N of ’Aïn el Turk, Algeria",earthquake,,,,,reviewed,mdd,mdd
2007-09-08T16:41:30.390Z,35.68,-3.492,10.7,4.8,mb,225.0,32.3,,,us,usp000fmqa,2022-07-14T03:15:56.613Z,"62 km NE of Al Hoceïma, Morocco",earthquake,,,,41.0,reviewed,mdd,us
2007-08-26T12:20:31.200Z,32.179,-5.701,0.0,4.0,m,9.0,306.6,,,us,usp000fkqv,2014-11-07T01:33:23.118Z,"55 km SSE of Zawyat ech Cheïkh, Morocco",earthquake,,,,,reviewed,mdd,mdd
2007-08-11T20:46:00.740Z,33.173,-5.251,10.0,4.7,mb,248.0,55.9,,1.2,us,usp000fjec,2022-07-14T04:50:31.924Z,"15 km SSE of Aïn Leuh, Morocco",earthquake,,,,77.0,reviewed,us,us
2007-08-02T09:04:15.370Z,31.479,-9.066,33.9,4.0,m,4.0,223.1,,,us,usp000fhpe,2014-11-07T01:33:10.423Z,"66 km E of Essaouira, Morocco",earthquake,,,,,reviewed,mdd,mdd
2007-07-18T00:59:59.290Z,35.398,-0.108,11.0,4.1,mb,76.0,97.2,,,us,usp000fggt,2014-11-07T01:32:59.717Z,"10 km NNW of Bou Hanifia el Hamamat, Algeria",earthquake,,,,2.0,reviewed,mdd,us
2007-06-27T03:11:58.400Z,32.882,-3.163,0.0,4.0,m,11.0,296.9,,,us,usp000fey3,2014-11-07T01:32:46.338Z,"119 km WNW of Bouarfa, Morocco",earthquake,,,,,reviewed,mdd,mdd
2007-06-23T11:05:42.330Z,34.262,-5.688,5.6,4.4,m,54.0,175.9,,0.89,us,usp000femr,2014-11-07T01:32:45.172Z,"4 km NNE of Sidi Qacem, Morocco",earthquake,,12.2,,,reviewed,us,mdd
2007-05-18T13:05:41.000Z,35.291,-6.219,73.9,4.0,m,33.0,260.8,,,us,usp000fc7w,2014-11-07T01:32:29.298Z,"12 km NNW of Larache, Morocco",earthquake,,,,,reviewed,mdd,mdd
2007-04-03T16:33:08.990Z,35.864,-11.474,0.0,4.4,m,13.0,302.2,,,us,usp000f8gq,2014-11-07T01:32:04.752Z,"260 km WSW of Sagres, Portugal",earthquake,,,,,reviewed,mdd,mdd
2007-03-06T07:50:47.330Z,35.313,-11.414,10.0,4.0,mblg,58.0,160.0,,0.56,us,usp000f66a,2014-11-07T01:31:49.336Z,"291 km SW of Sagres, Portugal",earthquake,,,,,reviewed,us,mdd
2007-02-12T10:35:22.750Z,35.804,-10.312,20.0,6.0,mwc,697.0,17.3,,1.01,us,usp000f4qu,2022-07-14T07:53:42.269Z,"181 km SW of Sagres, Portugal",earthquake,,,,,reviewed,us,gcmt
2007-02-02T15:20:36.310Z,35.158,-4.023,0.0,4.1,m,36.0,119.1,,,us,usp000f456,2014-11-07T01:31:32.825Z,"10 km SW of Tirhanimîne, Morocco",earthquake,,,,,reviewed,mdd,mdd
2007-01-30T04:38:42.460Z,32.638,-3.549,10.0,4.1,mb,97.0,85.5,,1.35,us,usp000f3xg,2014-11-07T01:31:29.012Z,"112 km E of Midelt, Morocco",earthquake,,,,18.0,reviewed,us,us
2007-01-29T04:51:08.500Z,30.5,-9.578,10.0,4.4,m,17.0,206.2,,0.34,us,usp000f3vc,2014-11-07T01:31:28.612Z,"9 km NNE of Agadir, Morocco",earthquake,,,,,reviewed,us,mdd
2007-01-17T23:00:13.770Z,32.565,-3.612,0.0,4.0,m,17.0,287.0,,,us,usp000f2wj,2014-11-07T01:31:24.097Z,"104 km NE of Errachidia, Morocco",earthquake,,,,,reviewed,mdd,mdd
2006-12-06T00:06:14.430Z,33.878,-6.076,0.0,4.3,m,4.0,327.6,,,us,usp000ezm6,2014-11-07T01:31:05.432Z,"6 km N of Khemisset, Morocco",earthquake,,,,,reviewed,mdd,mdd
2006-11-21T10:51:16.920Z,32.568,-3.878,58.4,4.4,m,19.0,130.0,,1.37,us,usp000eyf1,2014-11-07T01:30:55.335Z,"82 km E of Midelt, Morocco",earthquake,,27.6,,,reviewed,us,mdd
2006-10-23T23:44:40.540Z,31.86,-6.267,0.0,4.1,m,11.0,321.9,,,us,usp000evw5,2014-11-07T01:30:37.362Z,"19 km NNE of Ifrane, Morocco",earthquake,,,,,reviewed,mdd,mdd
2006-10-20T12:25:47.260Z,34.605,-9.802,0.0,4.5,m,22.0,298.3,,,us,usp000evkv,2014-11-07T01:30:36.279Z,"191 km NW of El Jadid, Morocco",earthquake,,,,,reviewed,mdd,mdd
2006-08-10T09:16:07.280Z,35.506,-9.91,69.9,4.4,mb,142.0,70.9,,,us,usp000eqn4,2014-11-07T01:29:56.567Z,"188 km SSW of Sagres, Portugal",earthquake,,,,4.0,reviewed,mdd,us
2006-07-15T23:49:09.850Z,31.69,-5.943,0.0,4.0,m,18.0,317.2,,,us,usp000enpw,2014-11-07T01:29:39.177Z,"38 km E of Ifrane, Morocco",earthquake,,,,,reviewed,mdd,mdd
2006-07-07T13:12:57.370Z,35.299,-9.724,10.0,4.3,mblg,87.0,114.4,,0.64,us,usp000en2v,2014-11-07T01:29:36.348Z,"202 km SSW of Sagres, Portugal",earthquake,,,,,reviewed,us,mdd
2006-06-21T00:51:14.850Z,35.926,-10.669,10.0,4.7,mb,298.0,37.8,,1.01,us,usp000ekwg,2014-11-07T01:29:25.804Z,"195 km SW of Sagres, Portugal",earthquake,,,,54.0,reviewed,us,us
2006-06-12T19:08:44.960Z,32.738,-5.501,10.0,4.5,m,38.0,163.3,,1.04,us,usp000ek7z,2014-11-07T01:29:21.781Z,"26 km SE of Khenifra, Morocco",earthquake,,,,,reviewed,us,mdd
2006-04-25T17:34:37.070Z,35.048,-4.031,0.0,4.2,m,30.0,266.9,,,us,usp000efgt,2014-11-07T01:28:55.040Z,"18 km WSW of Bni Bouayach, Morocco",earthquake,,,,,reviewed,mdd,mdd
2006-03-05T14:25:17.330Z,32.389,-6.197,10.0,4.4,m,25.0,105.0,,1.04,us,usp000ebfv,2014-11-07T01:28:28.766Z,"15 km ENE of Beni Mellal, Morocco",earthquake,,0.0,,,reviewed,us,mdd
2006-01-30T18:16:57.820Z,35.071,-4.003,0.0,4.5,m,49.0,119.3,,,us,usp000e959,2014-11-07T01:28:10.736Z,"15 km WSW of Bni Bouayach, Morocco",earthquake,,,,,reviewed,mdd,mdd
2006-01-30T07:58:13.010Z,35.124,-4.089,1.7,4.2,mb,67.0,108.4,,0.98,us,usp000e94p,2014-11-07T01:28:10.658Z,"17 km SW of Tirhanimîne, Morocco",earthquake,,14.2,,8.0,reviewed,us,us
2006-01-16T12:19:54.240Z,34.021,-5.029,0.0,4.0,m,37.0,151.4,,,us,usp000e8ap,2014-11-07T01:28:06.648Z,"2 km WSW of Fès, Morocco",earthquake,,,,,reviewed,mdd,mdd
2005-11-24T03:57:11.600Z,31.009,-8.566,10.0,4.2,m,30.0,205.8,,1.05,us,usp000e4t5,2014-11-07T01:27:42.886Z,"66 km NNE of Taroudant, Morocco",earthquake,,,,,reviewed,us,mdd
2005-11-23T20:31:17.960Z,33.716,-5.712,4.0,4.1,m,40.0,202.5,,,us,usp000e4sj,2014-11-07T01:27:42.766Z,"24 km SW of Meknès, Morocco",earthquake,,,,,reviewed,mdd,mdd
2005-11-16T14:17:40.080Z,34.837,-4.318,0.0,4.0,m,23.0,287.8,,,us,usp000e4at,2014-11-07T01:27:39.987Z,"11 km S of Targuist, Morocco",earthquake,,,,,reviewed,mdd,mdd
2005-10-22T02:50:51.010Z,34.596,-4.977,0.0,4.2,mb,41.0,142.7,,,us,usp000e2gd,2014-11-07T01:27:27.627Z,"31 km WNW of Taounate, Morocco",earthquake,,,,2.0,reviewed,mdd,us
2005-07-07T04:11:42.040Z,35.714,-0.717,0.0,4.3,m,41.0,243.9,,,us,usp000duph,2014-11-07T01:26:26.741Z,"1 km SSW of Mers el Kebir, Algeria",earthquake,,,,,reviewed,mdd,mdd
2005-07-02T12:58:07.920Z,35.758,-3.497,0.0,4.3,mb,173.0,90.3,,,us,usp000ducd,2014-11-07T01:26:23.009Z,"68 km NE of Al Hoceïma, Morocco",earthquake,,,,34.0,reviewed,mdd,us
2005-06-15T10:20:01.300Z,35.132,-8.531,10.0,4.5,m,35.0,274.4,,0.55,us,usp000dt3v,2014-11-07T01:26:13.244Z,"190 km NNW of Casablanca, Morocco",earthquake,,,,,reviewed,us,mdd
2005-05-26T22:19:42.190Z,34.721,-5.897,17.5,4.0,mb,83.0,158.3,,,us,usp000drmw,2014-11-07T01:25:58.452Z,"10 km ENE of Souq Larb’a al Gharb, Morocco",earthquake,,,,3.0,reviewed,mdd,us
2005-05-21T04:09:50.540Z,35.379,-1.181,19.0,4.4,m,57.0,181.5,,,us,usp000dr8y,2014-11-07T01:25:56.542Z,"8 km W of El Malah, Algeria",earthquake,,,,,reviewed,mdd,mdd
2005-03-24T00:40:19.090Z,34.931,-2.99,2.6,4.1,m,30.0,264.8,,,us,usp000djxd,2014-11-07T01:25:18.312Z,"9 km SSE of Al Aaroui, Morocco",earthquake,,,,,reviewed,mdd,mdd
2005-03-22T16:14:28.330Z,34.903,-2.96,0.0,4.2,m,41.0,259.8,,,us,usp000djts,2014-11-07T01:25:17.803Z,"12 km SSE of Al Aaroui, Morocco",earthquake,,,,,reviewed,mdd,mdd
2005-03-22T09:03:13.000Z,34.929,-2.978,3.5,4.1,mb,63.0,141.5,,,us,usp000djt0,2014-11-07T01:25:17.720Z,"9 km SSE of Al Aaroui, Morocco",earthquake,,,,3.0,reviewed,mdd,us
2005-03-22T08:46:15.290Z,34.319,-4.112,19.0,4.3,mb,36.0,273.0,,,us,usp000djsx,2014-11-07T01:25:17.710Z,"15 km NW of Taza, Morocco",earthquake,,,,1.0,reviewed,mdd,us
2005-02-18T04:50:27.420Z,34.986,-3.0,4.4,4.3,m,49.0,258.4,,,us,usp000dgdq,2014-11-07T01:25:00.894Z,"2 km SSE of Al Aaroui, Morocco",earthquake,,,,,reviewed,mdd,mdd
2005-01-12T09:54:26.020Z,34.854,-2.947,0.0,4.1,m,17.0,273.0,,,us,usp000dd5c,2014-11-07T01:24:37.850Z,"18 km SSE of Al Aaroui, Morocco",earthquake,,,,,reviewed,mdd,mdd
2005-01-04T00:50:51.900Z,35.895,-4.864,36.1,4.0,md,62.0,236.5,,,us,usp000dcgt,2014-11-07T01:24:33.691Z,"41 km E of Ceuta, Spain",earthquake,,,,,reviewed,mdd,ldg
2004-12-29T05:33:54.160Z,35.0,-3.08,0.0,4.4,m,43.0,258.9,,,us,usp000dc3n,2014-11-07T01:24:26.834Z,"6 km W of Al Aaroui, Morocco",earthquake,,,,,reviewed,mdd,mdd
2004-12-12T09:07:18.260Z,34.887,-3.018,10.0,4.0,m,31.0,262.6,,0.96,us,usp000dahd,2014-11-07T01:24:16.016Z,"13 km S of Al Aaroui, Morocco",earthquake,,,,,reviewed,us,mdd
2004-12-09T07:46:02.180Z,34.968,-3.077,1.8,4.3,mb,81.0,220.2,,,us,usp000dabu,2014-11-07T01:24:15.279Z,"7 km SW of Al Aaroui, Morocco",earthquake,,,,8.0,reviewed,mdd,us
2004-12-05T03:20:39.370Z,34.932,-3.042,10.0,4.3,m,31.0,271.7,,1.07,us,usp000da25,2014-11-07T01:24:13.846Z,"9 km SSW of Al Aaroui, Morocco",earthquake,,,,,reviewed,us,mdd
2004-12-04T15:42:09.490Z,34.959,-3.007,0.0,4.6,m,35.0,262.9,,,us,usp000da0d,2014-11-07T01:24:13.486Z,"5 km S of Al Aaroui, Morocco",earthquake,,,,,reviewed,mdd,mdd
2004-12-04T15:04:30.310Z,35.002,-3.104,0.0,4.3,m,23.0,279.5,,,us,usp000da08,2014-11-07T01:24:13.470Z,"8 km W of Al Aaroui, Morocco",earthquake,,,,,reviewed,mdd,mdd
2004-12-04T13:16:28.680Z,34.925,-2.969,0.0,4.3,m,28.0,271.6,,,us,usp000d9zx,2014-11-07T01:24:13.389Z,"10 km SSE of Al Aaroui, Morocco",earthquake,,,,,reviewed,mdd,mdd
2004-12-04T12:09:35.450Z,34.972,-3.053,0.0,4.0,m,15.0,284.1,,,us,usp000d9zg,2014-11-07T01:24:13.341Z,"5 km SW of Al Aaroui, Morocco",earthquake,,,,,reviewed,mdd,mdd
2004-12-04T10:30:00.520Z,35.036,-3.145,10.0,5.1,mwc,320.0,44.5,,1.06,us,usp000d9yv,2022-05-02T17:35:52.930Z,"12 km WNW of Al Aaroui, Morocco",earthquake,,,,,reviewed,us,hrv
2004-12-03T10:14:35.330Z,34.934,-3.022,0.0,4.4,m,29.0,271.5,,,us,usp000d9wu,2014-11-07T01:24:12.800Z,"8 km S of Al Aaroui, Morocco",earthquake,,,,,reviewed,mdd,mdd
2004-12-03T07:33:02.590Z,34.977,-3.048,0.3,4.0,m,19.0,270.7,,,us,usp000d9wh,2014-11-07T01:24:12.711Z,"5 km SW of Al Aaroui, Morocco",earthquake,,,,,reviewed,mdd,mdd
2004-12-02T18:21:36.420Z,34.961,-2.986,5.7,4.1,m,23.0,270.9,,,us,usp000d9uc,2014-11-07T01:24:12.244Z,"5 km SSE of Al Aaroui, Morocco",earthquake,,,,,reviewed,mdd,mdd
2004-12-02T17:50:45.030Z,35.028,-3.033,13.5,4.9,mwc,212.0,69.0,,1.12,us,usp000d9u6,2016-11-10T00:53:55.492Z,"2 km NW of Al Aaroui, Morocco",earthquake,,11.0,,,reviewed,us,hrv
2004-11-26T02:40:04.140Z,35.002,-4.585,33.1,4.2,m,35.0,260.4,,,us,usp000d977,2014-11-07T01:24:05.327Z,"25 km WNW of Targuist, Morocco",earthquake,,,,,reviewed,mdd,mdd
2004-11-24T05:16:00.300Z,34.9,-5.767,19.0,4.0,m,22.0,282.2,,,us,usp000d92y,2014-11-07T01:24:04.672Z,"16 km SE of Ksar El Kebir, Morocco",earthquake,,,,,reviewed,inmg,mdd
2004-10-10T08:13:59.610Z,35.11,-4.094,10.0,4.5,mb,39.0,254.3,,0.86,us,usp000d64e,2014-11-07T01:23:44.159Z,"18 km SW of Tirhanimîne, Morocco",earthquake,,,,1.0,reviewed,us,us
2004-10-10T08:08:58.680Z,35.418,-11.465,24.3,4.5,m,11.0,311.3,,,us,usp000d64d,2014-11-07T01:23:44.157Z,"287 km SW of Sagres, Portugal",earthquake,,,,,reviewed,mdd,mdd
2004-08-14T01:55:42.380Z,34.866,-3.887,0.0,4.5,mb,43.0,263.1,,,us,usp000d23t,2014-11-07T01:23:12.434Z,"26 km S of Bni Bouayach, Morocco",earthquake,,,,4.0,reviewed,mdd,us
2004-08-07T02:50:20.550Z,35.156,-4.052,0.0,4.2,m,38.0,261.5,,,us,usp000d1np,2014-11-07T01:23:09.724Z,"12 km SW of Tirhanimîne, Morocco",earthquake,,,,,reviewed,mdd,mdd
2004-07-10T18:01:39.550Z,34.838,-4.115,34.2,4.0,m,12.0,287.9,,,us,usp000czxj,2014-11-07T01:22:52.864Z,"21 km ESE of Targuist, Morocco",earthquake,,,,,reviewed,mdd,mdd
2004-07-10T17:57:16.300Z,35.161,-4.065,0.0,4.4,m,53.0,227.4,,,us,usp000czxh,2014-11-07T01:22:52.858Z,"13 km SW of Tirhanimîne, Morocco",earthquake,,,,,reviewed,mdd,mdd
2004-06-20T22:47:05.410Z,34.936,-3.876,3.9,4.1,mb,111.0,144.8,,,us,usp000cyc8,2014-11-07T01:22:39.682Z,"19 km S of Bni Bouayach, Morocco",earthquake,,,,7.0,reviewed,mdd,us
2004-06-20T03:01:08.420Z,35.593,-10.262,10.0,4.6,m,67.0,146.9,,0.76,us,usp000cya4,2014-11-07T01:22:39.193Z,"196 km SW of Sagres, Portugal",earthquake,,,,,reviewed,us,mdd
2004-06-15T12:00:05.850Z,35.157,-3.971,0.0,4.1,m,29.0,261.0,,,us,usp000cxyp,2014-11-07T01:22:38.001Z,"8 km S of Tirhanimîne, Morocco",earthquake,,,,,reviewed,mdd,mdd
2004-06-07T15:39:36.100Z,34.779,-9.601,10.0,4.2,m,13.0,300.8,,0.61,us,usp000cxby,2014-11-07T01:22:34.859Z,"196 km NNW of El Jadid, Morocco",earthquake,,,,,reviewed,us,mdd
2004-05-23T00:29:45.030Z,35.157,-4.015,0.0,4.4,m,44.0,261.2,,,us,usp000cvy0,2014-11-07T01:22:23.058Z,"10 km SSW of Tirhanimîne, Morocco",earthquake,,,,,reviewed,mdd,mdd
2004-05-21T12:58:05.430Z,35.083,-3.99,0.0,4.0,m,33.0,228.6,,,us,usp000cvsj,2014-11-07T01:22:22.060Z,"13 km W of Bni Bouayach, Morocco",earthquake,,,,,reviewed,mdd,mdd
2004-05-09T18:11:48.720Z,35.063,-3.902,0.0,4.0,m,38.0,262.0,,,us,usp000cujv,2014-11-07T01:22:16.291Z,Strait of Gibraltar,earthquake,,,,,reviewed,mdd,mdd
2004-04-24T02:22:30.640Z,35.177,-3.949,0.0,4.0,m,35.0,260.2,,,us,usp000ct8f,2014-11-07T01:22:04.824Z,Strait of Gibraltar,earthquake,,,,,reviewed,mdd,mdd
2004-04-20T05:00:33.440Z,35.725,-2.264,0.0,4.0,m,31.0,246.5,,,us,usp000csyw,2014-11-07T01:22:03.535Z,"71 km N of Saidia, Morocco",earthquake,,,,,reviewed,mdd,mdd
2004-04-16T08:32:56.780Z,35.095,-4.123,0.0,4.3,m,53.0,219.5,,,us,usp000csn4,2014-11-07T01:22:00.487Z,"21 km SW of Tirhanimîne, Morocco",earthquake,,,,,reviewed,mdd,mdd
2004-04-11T15:34:58.880Z,35.059,-3.983,0.0,4.1,m,44.0,262.5,,,us,usp000cs8r,2014-11-07T01:21:57.744Z,"13 km WSW of Bni Bouayach, Morocco",earthquake,,,,,reviewed,mdd,mdd
2004-04-09T07:23:55.070Z,34.832,-4.037,10.0,4.0,m,28.0,278.9,,0.52,us,usp000cs27,2014-11-07T01:21:56.187Z,"28 km ESE of Targuist, Morocco",earthquake,,,,,reviewed,us,mdd
2004-04-06T01:53:09.280Z,35.059,-4.108,0.0,4.5,m,90.0,218.3,,,us,usp000crtr,2014-11-07T01:21:55.204Z,"23 km NE of Targuist, Morocco",earthquake,,,,,reviewed,mdd,mdd
2004-04-01T00:25:35.820Z,35.093,-4.099,0.0,4.1,mb,73.0,218.2,,,us,usp000crdb,2014-11-07T01:21:50.972Z,"20 km SW of Tirhanimîne, Morocco",earthquake,,,,5.0,reviewed,mdd,us
2004-03-25T22:38:39.140Z,35.052,-4.03,0.0,4.2,m,32.0,266.9,,,us,usp000cqw6,2014-11-07T01:21:47.032Z,"18 km WSW of Bni Bouayach, Morocco",earthquake,,,,,reviewed,mdd,mdd
2004-03-22T05:18:03.250Z,35.044,-3.988,11.5,4.1,m,31.0,265.4,,,us,usp000cqkn,2014-11-07T01:21:45.991Z,"15 km WSW of Bni Bouayach, Morocco",earthquake,,,,,reviewed,mdd,mdd
2004-03-22T02:28:47.540Z,34.914,-4.009,0.0,4.0,m,44.0,263.8,,,us,usp000cqkd,2014-11-07T01:21:45.948Z,"26 km SW of Bni Bouayach, Morocco",earthquake,,,,,reviewed,mdd,mdd
2004-03-20T09:37:26.460Z,35.007,-4.148,0.0,4.4,mb,125.0,225.5,,,us,usp000cqeq,2014-11-07T01:21:45.104Z,"17 km ENE of Targuist, Morocco",earthquake,,,,8.0,reviewed,mdd,us
2004-03-16T02:58:16.450Z,34.941,-4.052,0.0,4.0,m,36.0,264.6,,,us,usp000cq2c,2014-11-07T01:21:43.126Z,"24 km E of Targuist, Morocco",earthquake,,,,,reviewed,mdd,mdd
2004-03-15T22:18:29.190Z,34.908,-4.066,0.0,4.5,m,50.0,265.2,,,us,usp000cq1p,2014-11-07T01:21:43.079Z,"23 km E of Targuist, Morocco",earthquake,,,,,reviewed,mdd,mdd
2004-03-15T12:39:13.160Z,35.119,-4.2,11.4,4.4,m,39.0,265.0,,,us,usp000cq0n,2014-11-07T01:21:42.453Z,"22 km NNE of Targuist, Morocco",earthquake,,,,,reviewed,mdd,mdd
2004-03-12T17:31:07.550Z,35.116,-3.96,0.0,4.4,m,39.0,261.5,,,us,usp000cps7,2014-11-07T01:21:41.290Z,"10 km WSW of Imzouren, Morocco",earthquake,,,,,reviewed,mdd,mdd
2004-03-12T17:21:51.820Z,34.935,-4.041,0.0,4.7,mb,199.0,59.1,,,us,usp000cps6,2022-05-02T17:05:34.801Z,"25 km E of Targuist, Morocco",earthquake,,,,42.0,reviewed,mdd,us
2004-03-10T04:22:18.510Z,35.043,-4.103,0.0,4.0,mb,89.0,215.1,,,us,usp000cpj6,2014-11-07T01:21:40.464Z,"22 km ENE of Targuist, Morocco",earthquake,,,,3.0,reviewed,mdd,us
2004-03-07T15:38:56.670Z,34.95,-4.005,0.0,4.1,m,45.0,263.3,,,us,usp000cpbz,2014-11-07T01:21:39.574Z,"22 km SW of Bni Bouayach, Morocco",earthquake,,,,,reviewed,mdd,mdd
2004-03-07T06:37:52.270Z,35.036,-4.022,0.0,5.1,mwc,274.0,45.0,,,us,usp000cpa6,2022-05-02T17:04:52.903Z,"18 km WSW of Bni Bouayach, Morocco",earthquake,,,,,reviewed,mdd,hrv
2004-03-06T09:11:00.780Z,35.133,-3.943,0.0,4.0,m,27.0,268.6,,,us,usp000cp7m,2014-11-07T01:21:38.935Z,"8 km W of Imzouren, Morocco",earthquake,,,,,reviewed,mdd,mdd
2004-03-05T15:52:49.810Z,35.139,-3.942,0.0,4.0,m,29.0,265.1,,,us,usp000cp5k,2014-11-07T01:21:38.655Z,"8 km W of Imzouren, Morocco",earthquake,,,,,reviewed,mdd,mdd
2004-03-04T22:24:29.010Z,35.175,-3.952,0.0,4.0,m,43.0,260.6,,,us,usp000cp3n,2014-11-07T01:21:38.386Z,"6 km S of Tirhanimîne, Morocco",earthquake,,,,,reviewed,mdd,mdd
2004-03-04T14:16:30.350Z,35.236,-3.891,0.0,4.2,m,20.0,263.1,,,us,usp000cp2p,2014-11-07T01:21:38.206Z,"4 km ESE of Al Hoceïma, Morocco",earthquake,,,,,reviewed,mdd,mdd
2004-03-04T11:44:14.200Z,35.174,-3.993,0.0,4.3,m,41.0,260.8,,,us,usp000cp2a,2014-11-07T01:21:38.158Z,"7 km SSW of Tirhanimîne, Morocco",earthquake,,,,,reviewed,mdd,mdd
2004-03-03T01:45:22.280Z,35.136,-4.042,10.0,4.5,m,40.0,261.7,,1.01,us,usp000cnyn,2014-11-07T01:21:37.379Z,"13 km SW of Tirhanimîne, Morocco",earthquake,,,,,reviewed,us,mdd
2004-03-02T20:36:26.810Z,35.148,-3.867,0.0,4.5,mb,90.0,138.3,,,us,usp000cnxz,2014-11-07T01:21:37.211Z,"1 km W of Imzouren, Morocco",earthquake,,,,3.0,reviewed,mdd,us
2004-03-02T14:56:18.350Z,35.083,-3.962,5.2,4.2,m,26.0,270.5,,,us,usp000cnxh,2014-11-07T01:21:36.992Z,"11 km WSW of Bni Bouayach, Morocco",earthquake,,,,,reviewed,mdd,mdd
2004-03-01T04:59:25.700Z,35.157,-3.954,0.0,4.0,m,31.0,264.7,,,us,usp000cnt2,2014-11-07T01:21:35.194Z,"8 km S of Tirhanimîne, Morocco",earthquake,,,,,reviewed,mdd,mdd
2004-03-01T02:18:10.710Z,35.156,-3.956,0.0,4.0,m,28.0,267.3,,,us,usp000cnsv,2014-11-07T01:21:35.139Z,"8 km S of Tirhanimîne, Morocco",earthquake,,,,,reviewed,mdd,mdd
2004-02-29T10:14:06.910Z,35.087,-3.953,6.7,4.0,m,33.0,261.9,,,us,usp000cnqs,2014-11-07T01:21:32.278Z,"10 km W of Bni Bouayach, Morocco",earthquake,,,,,reviewed,mdd,mdd
2004-02-28T16:29:25.250Z,35.023,-4.013,23.8,4.2,mb,89.0,225.2,,,us,usp000cnn2,2014-11-07T01:21:32.027Z,"18 km WSW of Bni Bouayach, Morocco",earthquake,,,,4.0,reviewed,mdd,us
2004-02-27T16:53:44.710Z,35.247,-3.86,13.3,4.0,m,15.0,265.0,,,us,usp000cnhh,2014-11-07T01:21:31.408Z,"7 km E of Al Hoceïma, Morocco",earthquake,,,,,reviewed,mdd,mdd
2004-02-27T16:50:42.660Z,35.194,-3.927,0.0,4.6,mblg,56.0,260.1,,,us,usp000cnhg,2014-11-07T01:21:31.402Z,"5 km SSE of Tirhanimîne, Morocco",earthquake,,,,,reviewed,mdd,mdd
2004-02-27T00:59:01.020Z,35.098,-4.02,18.5,4.4,mb,85.0,219.9,,1.07,us,usp000cnem,2014-11-07T01:21:30.190Z,"16 km WSW of Imzouren, Morocco",earthquake,,25.8,,4.0,reviewed,us,us
2004-02-26T21:14:08.950Z,34.902,-3.95,22.5,4.0,m,29.0,278.1,,,us,usp000cndp,2014-11-07T01:21:29.591Z,"24 km SSW of Bni Bouayach, Morocco",earthquake,,,,,reviewed,mdd,mdd
2004-02-26T12:07:04.260Z,35.233,-4.182,10.8,5.0,mwc,272.0,45.6,,1.06,us,usp000cncf,2020-07-08T01:33:16.938Z,"20 km W of Tirhanimîne, Morocco",earthquake,,,,,reviewed,us,hrv
2004-02-26T09:29:58.870Z,35.086,-4.041,0.0,4.2,m,41.0,236.8,,,us,usp000cnc1,2014-11-07T01:21:29.378Z,"18 km W of Bni Bouayach, Morocco",earthquake,,,,,reviewed,mdd,mdd
2004-02-26T06:08:33.740Z,35.252,-4.103,0.0,4.2,m,37.0,246.4,,,us,usp000cnbf,2014-11-07T01:21:29.303Z,Strait of Gibraltar,earthquake,,,,,reviewed,mdd,mdd
2004-02-25T16:33:28.810Z,35.17,-3.941,0.0,4.5,m,64.0,145.8,,,us,usp000cn89,2014-11-07T01:21:28.629Z,"7 km S of Tirhanimîne, Morocco",earthquake,,,,,reviewed,mdd,mdd
2004-02-25T12:44:57.450Z,35.278,-4.113,10.1,5.3,mwc,283.0,45.1,,1.14,us,usp000cn7h,2022-05-02T17:03:54.926Z,"15 km WNW of Tirhanimîne, Morocco",earthquake,,,,,reviewed,us,hrv
2004-02-25T10:05:19.420Z,35.171,-4.047,0.0,4.4,m,38.0,263.5,,,us,usp000cn72,2014-11-07T01:21:28.116Z,"11 km SW of Tirhanimîne, Morocco",earthquake,,,,,reviewed,mdd,mdd
2004-02-25T07:34:01.700Z,35.285,-3.94,0.0,4.1,m,29.0,258.8,,,us,usp000cn6r,2014-11-07T01:21:28.068Z,"3 km N of Al Hoceïma, Morocco",earthquake,,,,,reviewed,mdd,mdd
2004-02-25T07:24:53.800Z,35.222,-3.977,0.0,4.1,m,25.0,263.5,,,us,usp000cn6q,2014-11-07T01:21:28.064Z,"2 km SW of Tirhanimîne, Morocco",earthquake,,,,,reviewed,mdd,mdd
2004-02-25T05:21:14.310Z,35.122,-3.931,0.0,4.5,mb,205.0,44.9,,,us,usp000cn6f,2014-11-07T01:21:28.033Z,"7 km WSW of Imzouren, Morocco",earthquake,,,,36.0,reviewed,mdd,us
2004-02-25T04:11:31.590Z,35.108,-3.984,0.0,4.0,m,40.0,264.2,,,us,usp000cn61,2014-11-07T01:21:27.694Z,"12 km WSW of Imzouren, Morocco",earthquake,,,,,reviewed,mdd,mdd
2004-02-25T00:13:31.480Z,35.178,-3.97,0.9,4.0,m,29.0,264.4,,,us,usp000cn53,2014-11-07T01:21:27.631Z,"6 km SSW of Tirhanimîne, Morocco",earthquake,,,,,reviewed,mdd,mdd
2004-02-25T00:11:14.210Z,35.157,-4.065,5.6,4.1,m,37.0,261.5,,,us,usp000cn52,2014-11-07T01:21:27.614Z,"13 km SW of Tirhanimîne, Morocco",earthquake,,,,,reviewed,mdd,mdd
2004-02-24T23:58:47.090Z,35.177,-3.836,14.4,4.0,m,38.0,259.4,,,us,usp000cn4z,2014-11-07T01:21:27.607Z,"3 km NNE of Imzouren, Morocco",earthquake,,,,,reviewed,mdd,mdd
2004-02-24T20:37:02.250Z,35.115,-3.952,6.0,4.7,m,59.0,230.1,,,us,usp000cn44,2014-11-07T01:21:27.065Z,"9 km WSW of Imzouren, Morocco",earthquake,,,,,reviewed,mdd,mdd
2004-02-24T18:53:02.480Z,35.077,-3.905,9.5,4.8,mb,52.0,243.1,,,us,usp000cn3v,2014-11-07T01:21:27.032Z,"6 km WSW of Bni Bouayach, Morocco",earthquake,,,,1.0,reviewed,mdd,us
2004-02-24T16:42:12.290Z,35.055,-4.078,26.0,4.3,mb,93.0,225.1,,,us,usp000cn39,2014-11-07T01:21:26.981Z,"22 km WSW of Bni Bouayach, Morocco",earthquake,,,,11.0,reviewed,mdd,us
2004-02-24T15:42:16.510Z,35.201,-3.995,0.0,4.0,m,21.0,264.2,,,us,usp000cn2y,2014-11-07T01:21:26.961Z,"5 km SW of Tirhanimîne, Morocco",earthquake,,,,,reviewed,mdd,mdd
2004-02-24T14:10:58.500Z,35.127,-3.983,0.0,4.1,m,40.0,265.2,,,us,usp000cn2j,2014-11-07T01:21:26.926Z,"12 km W of Imzouren, Morocco",earthquake,,,,,reviewed,mdd,mdd
2004-02-24T11:04:44.400Z,35.176,-4.083,0.0,4.4,mb,114.0,146.5,,,us,usp000cn1s,2014-11-07T01:21:26.853Z,"13 km WSW of Tirhanimîne, Morocco",earthquake,,,,21.0,reviewed,mdd,us
2004-02-24T10:10:22.230Z,35.159,-3.9,0.0,4.0,m,39.0,260.1,,,us,usp000cn1k,2014-11-07T01:21:26.836Z,"4 km WNW of Imzouren, Morocco",earthquake,,,,,reviewed,mdd,mdd
2004-02-24T09:34:32.100Z,35.238,-3.948,7.0,4.1,m,39.0,259.5,,,us,usp000cn1c,2014-11-07T01:21:26.813Z,"0 km ENE of Tirhanimîne, Morocco",earthquake,,,,,reviewed,mdd,mdd
2004-02-24T09:01:51.060Z,35.174,-3.976,0.0,4.6,m,47.0,260.3,,,us,usp000cn15,2014-11-07T01:21:26.793Z,"7 km SSW of Tirhanimîne, Morocco",earthquake,,,,,reviewed,mdd,mdd
2004-02-24T07:38:49.160Z,35.045,-3.9,26.1,4.4,m,27.0,273.6,,,us,usp000cn0m,2014-11-07T01:21:26.254Z,"8 km SW of Bni Bouayach, Morocco",earthquake,,,,,reviewed,mdd,mdd
2004-02-24T07:07:59.770Z,35.244,-4.002,0.0,4.0,m,21.0,261.8,,,us,usp000cn0f,2014-11-07T01:21:26.220Z,"4 km WNW of Tirhanimîne, Morocco",earthquake,,,,,reviewed,mdd,mdd
2004-02-24T06:20:19.420Z,35.291,-3.894,0.0,4.3,m,39.0,260.7,,,us,usp000cn02,2014-11-07T01:21:26.181Z,"5 km NE of Al Hoceïma, Morocco",earthquake,,,,,reviewed,mdd,mdd
2004-02-24T04:55:36.120Z,35.201,-3.952,0.0,4.2,m,40.0,260.0,,,us,usp000cmyz,2014-11-07T01:21:26.049Z,"3 km S of Tirhanimîne, Morocco",earthquake,,,,,reviewed,mdd,mdd
2004-02-24T04:16:52.680Z,35.273,-4.009,11.8,4.1,m,10.0,259.9,,,us,usp000cmyf,2014-11-07T01:21:26.007Z,"6 km NW of Tirhanimîne, Morocco",earthquake,,,,,reviewed,mdd,mdd
2004-02-24T04:13:52.680Z,35.082,-3.928,0.0,4.1,mb,58.0,236.0,,,us,usp000cmyd,2014-11-07T01:21:25.998Z,"8 km WSW of Bni Bouayach, Morocco",earthquake,,,,1.0,reviewed,mdd,us
2004-02-24T03:43:23.900Z,35.144,-4.051,0.0,4.3,m,33.0,264.0,,,us,usp000cmy5,2014-11-07T01:21:25.974Z,"13 km SW of Tirhanimîne, Morocco",earthquake,,,,,reviewed,mdd,mdd
2004-02-24T03:37:45.280Z,35.344,-3.578,23.0,4.0,m,29.0,258.8,,,us,usp000cmy4,2014-11-07T01:21:25.970Z,"33 km NE of Imzouren, Morocco",earthquake,,,,,reviewed,mdd,mdd
2004-02-24T03:27:14.950Z,35.194,-3.979,2.3,4.4,m,54.0,260.3,,,us,usp000cmy1,2014-11-07T01:21:25.960Z,"5 km SSW of Tirhanimîne, Morocco",earthquake,,,,,reviewed,mdd,mdd
2004-02-24T03:17:40.790Z,34.683,-4.051,16.7,4.7,m,54.0,263.2,,,us,usp000cmxz,2014-11-07T01:21:25.950Z,"37 km SE of Targuist, Morocco",earthquake,,,,,reviewed,mdd,mdd
2004-02-24T03:06:22.040Z,35.322,-3.934,0.0,4.2,m,34.0,259.0,,,us,usp000cmxv,2014-11-07T01:21:25.938Z,"7 km N of Al Hoceïma, Morocco",earthquake,,,,,reviewed,mdd,mdd
2004-02-24T02:59:03.120Z,35.25,-3.984,0.0,4.2,mb,88.0,220.2,,,us,usp000cmxu,2014-11-07T01:21:25.930Z,"3 km WNW of Tirhanimîne, Morocco",earthquake,,,,2.0,reviewed,mdd,us
2004-02-24T02:48:02.170Z,35.084,-3.941,0.5,4.7,m,60.0,261.3,,,us,usp000cmxr,2014-11-07T01:21:25.918Z,"9 km WSW of Bni Bouayach, Morocco",earthquake,,,,,reviewed,mdd,mdd
2004-02-24T02:39:00.610Z,35.18,-3.921,10.6,4.4,m,18.0,264.2,,,us,usp000cmxn,2014-11-07T01:21:25.909Z,"6 km SSE of Tirhanimîne, Morocco",earthquake,,,,,reviewed,mdd,mdd
2004-02-24T02:37:56.540Z,35.274,-4.098,2.8,4.3,m,4.0,297.6,,,us,usp000cmxm,2014-11-07T01:21:25.907Z,"13 km WNW of Tirhanimîne, Morocco",earthquake,,,,,reviewed,mdd,mdd
2004-02-24T02:32:18.300Z,35.173,-3.955,0.0,4.7,m,18.0,266.3,,,us,usp000cmxg,2014-11-07T01:21:25.895Z,"7 km S of Tirhanimîne, Morocco",earthquake,,,,,reviewed,mdd,mdd
2004-02-24T02:31:19.280Z,35.277,-3.936,0.0,4.5,m,7.0,266.0,,,us,usp000cmxf,2014-11-07T01:21:25.893Z,"2 km N of Al Hoceïma, Morocco",earthquake,,,,,reviewed,mdd,mdd
2004-02-24T02:27:46.230Z,35.142,-3.997,0.0,6.4,mwb,786.0,19.8,,,us,usp000cmxe,2022-05-02T17:03:33.687Z,"11 km SSW of Tirhanimîne, Morocco",earthquake,,,,,reviewed,mdd,us
2004-01-15T07:32:29.900Z,30.953,-8.688,20.0,4.1,mb,38.0,106.9,,0.97,us,usp000chxk,2014-11-07T01:21:04.682Z,"56 km NNE of Taroudant, Morocco",earthquake,,24.8,,2.0,reviewed,us,us
2003-07-29T05:31:26.740Z,35.694,-10.565,10.0,5.4,mwc,452.0,28.6,,1.15,us,usp000c3mp,2025-12-19T23:07:10.879Z,"206 km SW of Sagres, Portugal",earthquake,,,,,reviewed,us,hrv
2003-02-18T13:09:36.120Z,35.836,-3.487,10.0,4.7,mb,187.0,,,1.07,us,usp000bqy4,2014-11-07T01:17:49.382Z,"76 km NNE of Al Hoceïma, Morocco",earthquake,,,,52.0,reviewed,us,us
2002-07-06T17:24:19.190Z,35.628,-3.925,10.0,4.4,mb,81.0,,,1.17,us,usp000b7md,2014-11-07T01:16:01.502Z,"41 km N of Al Hoceïma, Morocco",earthquake,,,,10.0,reviewed,us,us
2001-06-28T15:21:40.800Z,34.114,-6.522,22.7,4.6,mb,114.0,,,1.1,us,usp000ahn1,2014-11-07T01:13:08.729Z,"17 km SSE of Kenitra, Morocco",earthquake,,5.1,,17.0,reviewed,us,us
2000-09-27T03:07:45.550Z,34.377,-5.121,10.0,4.6,mb,96.0,,,1.08,us,usp000a0vw,2014-11-07T01:11:07.818Z,"37 km NNW of Fès al Bali, Morocco",earthquake,,,,44.0,reviewed,us,us
2000-03-29T04:03:44.330Z,32.023,-6.194,10.0,4.0,mb,,,,1.12,us,usp0009qdg,2014-11-07T01:09:45.835Z,"37 km SSE of Beni Mellal, Morocco",earthquake,,,,1.0,reviewed,us,us
2000-03-18T01:29:10.490Z,35.325,-1.403,13.9,4.0,mblg,,,,,us,usp0009pur,2014-11-07T01:09:42.849Z,"3 km NW of Beni Saf, Algeria",earthquake,,,,,reviewed,mdd,mdd
2000-03-07T15:16:02.480Z,33.59,-12.629,10.0,4.5,mblg,,,,0.95,us,usp0009pd7,2014-11-07T01:09:39.946Z,"Madeira Islands, Portugal region",earthquake,,,,,reviewed,us,mdd
